Date,IHSG
2021-03-10,6264.6791992188
2021-03-12,6358.208984375
2021-03-15,6324.2587890625
2021-03-16,6309.69921875
2021-03-17,6277.2280273438
2021-03-18,6347.8291015625
2021-03-19,6356.16015625
2021-03-22,6301.130859375
2021-03-23,6252.7119140625
2021-03-24,6156.1401367188
2021-03-25,6122.8759765625
2021-03-26,6195.5620117188
2021-03-29,6166.8178710938
2021-03-30,6071.4418945312
2021-03-31,5985.5219726562
2021-04-01,6011.4560546875
2021-04-05,5970.2861328125
2021-04-06,6002.7700195312
2021-04-07,6036.6162109375
2021-04-08,6071.7241210938
2021-04-09,6070.208984375
2021-04-12,5948.5688476562
2021-04-13,5927.4350585938
2021-04-14,6050.2758789062
2021-04-15,6079.5009765625
2021-04-16,6086.2578125
2021-04-19,6052.5400390625
2021-04-20,6038.3217773438
2021-04-21,5993.2421875
2021-04-22,5994.1840820312
2021-04-23,6016.8637695312
2021-04-26,5964.8208007812
2021-04-27,5959.62109375
2021-04-28,5974.4790039062
2021-04-29,6012.9609375
2021-04-30,5995.6162109375
2021-05-03,5952.5971679688
2021-05-04,5963.8198242188
2021-05-05,5975.9111328125
2021-05-06,5970.240234375
2021-05-07,5928.3090820312
2021-05-10,5975.787109375
2021-05-11,5938.3510742188
2021-05-17,5833.8598632812
2021-05-18,5834.3940429688
2021-05-19,5760.583984375
2021-05-20,5797.5971679688
2021-05-21,5773.1201171875
2021-05-24,5763.6318359375
2021-05-25,5815.83984375
2021-05-27,5841.828125
2021-05-28,5848.6162109375
2021-05-31,5947.462890625
2021-06-02,6031.578125
2021-06-03,6091.5131835938
2021-06-04,6065.166015625
2021-06-07,6069.9350585938
2021-06-08,5999.369140625
2021-06-09,6047.4750976562
2021-06-10,6107.5380859375
2021-06-11,6095.4970703125
2021-06-14,6080.3837890625
2021-06-15,6089.0380859375
2021-06-16,6078.5678710938
2021-06-17,6068.4467773438
2021-06-18,6007.1201171875
2021-06-21,5996.2529296875
2021-06-22,6087.841796875
2021-06-23,6034.54296875
2021-06-24,6012.0561523438
2021-06-25,6022.3989257812
2021-06-28,5939.4711914062
2021-06-29,5949.0498046875
2021-06-30,5985.4887695312
2021-07-01,6005.9580078125
2021-07-02,6023.0078125
2021-07-05,6005.6088867188
2021-07-06,6047.1108398438
2021-07-07,6044.037109375
2021-07-08,6039.8959960938
2021-07-09,6039.8442382812
2021-07-12,6078.5678710938
2021-07-13,6012.0322265625
2021-07-14,5979.21484375
2021-07-15,6046.75390625
2021-07-16,6072.509765625
2021-07-19,6017.3940429688
2021-07-21,6029.9760742188
2021-07-22,6137.546875
2021-07-23,6101.6899414062
2021-07-26,6106.3940429688
2021-07-27,6097.048828125
2021-07-28,6088.5229492188
2021-07-29,6120.7270507812
2021-07-30,6070.0390625
2021-08-02,6096.54296875
2021-08-03,6130.5708007812
2021-08-04,6159.03515625
2021-08-05,6205.4169921875
2021-08-06,6203.4311523438
2021-08-09,6127.4560546875
2021-08-10,6088.408203125
2021-08-12,6139.6518554688
2021-08-13,6139.4921875
2021-08-16,6087.9130859375
2021-08-18,6118.1499023438
2021-08-19,5992.3217773438
2021-08-20,6030.7719726562
2021-08-23,6109.828125
2021-08-24,6089.4970703125
2021-08-25,6113.240234375
2021-08-26,6058.080078125
2021-08-27,6041.3662109375
2021-08-30,6144.9018554688
2021-08-31,6150.298828125
2021-09-01,6090.9331054688
2021-09-02,6078.2290039062
2021-09-03,6126.9208984375
2021-09-06,6126.9379882812
2021-09-07,6112.3999023438
2021-09-08,6026.0200195312
2021-09-09,6068.2192382812
2021-09-10,6094.873046875
2021-09-13,6088.1572265625
2021-09-14,6129.0952148438
2021-09-15,6110.2290039062
2021-09-16,6109.9418945312
2021-09-17,6133.24609375
2021-09-20,6076.3149414062
2021-09-21,6060.7568359375
2021-09-22,6108.2651367188
2021-09-23,6142.7119140625
2021-09-24,6144.8149414062
2021-09-27,6122.4951171875
2021-09-28,6113.1118164062
2021-09-29,6162.5541992188
2021-09-30,6286.9428710938
2021-10-01,6228.8452148438
2021-10-04,6342.6860351562
2021-10-05,6288.048828125
2021-10-06,6417.3232421875
2021-10-07,6416.3959960938
2021-10-08,6481.7690429688
2021-10-11,6459.6967773438
2021-10-12,6486.2670898438
2021-10-13,6536.9038085938
2021-10-14,6626.1137695312
2021-10-15,6633.337890625
2021-10-18,6658.7680664062
2021-10-19,6655.998046875
2021-10-21,6632.9721679688
2021-10-22,6643.7377929688
2021-10-25,6625.6967773438
2021-10-26,6656.9370117188
2021-10-27,6602.208984375
2021-10-28,6524.076171875
2021-10-29,6591.3461914062
2021-11-01,6552.8891601562
2021-11-02,6493.2749023438
2021-11-03,6552.1298828125
2021-11-04,6586.4428710938
2021-11-05,6581.78515625
2021-11-08,6632.296875
2021-11-09,6669.9248046875
2021-11-10,6683.1450195312
2021-11-11,6691.341796875
2021-11-12,6651.0541992188
2021-11-15,6616.0288085938
2021-11-16,6651.20703125
2021-11-17,6675.8041992188
2021-11-18,6636.4692382812
2021-11-19,6720.2631835938
2021-11-22,6723.3862304688
2021-11-23,6677.8759765625
2021-11-24,6683.2768554688
2021-11-25,6699.3461914062
2021-11-26,6561.5532226562
2021-11-29,6608.2900390625
2021-11-30,6533.9321289062
2021-12-01,6507.6767578125
2021-12-02,6583.8198242188
2021-12-03,6538.505859375
2021-12-06,6547.1162109375
2021-12-07,6602.5688476562
2021-12-08,6603.7978515625
2021-12-09,6643.9321289062
2021-12-10,6652.921875
2021-12-13,6662.87109375
2021-12-14,6615.6372070312
2021-12-15,6626.2568359375
2021-12-16,6594.7978515625
2021-12-17,6601.9321289062
2021-12-20,6547.1118164062
2021-12-21,6554.3090820312
2021-12-22,6529.5927734375
2021-12-23,6555.55078125
2021-12-24,6562.8999023438
2021-12-27,6575.4438476562
2021-12-28,6598.3427734375
2021-12-29,6600.6767578125
2021-12-30,6581.4819335938
2022-01-03,6665.3081054688
2022-01-04,6695.373046875
2022-01-05,6662.298828125
2022-01-06,6653.3510742188
2022-01-07,6701.3159179688
2022-01-10,6691.1240234375
2022-01-11,6647.9702148438
2022-01-12,6647.0649414062
2022-01-13,6658.3559570312
2022-01-14,6693.4008789062
2022-01-17,6645.0478515625
2022-01-18,6614.0590820312
2022-01-19,6591.9809570312
2022-01-20,6626.87109375
2022-01-21,6726.373046875
2022-01-24,6655.166015625
2022-01-25,6568.1728515625
2022-01-26,6600.8188476562
2022-01-27,6611.1611328125
2022-01-28,6645.5112304688
2022-01-31,6631.1508789062
2022-02-02,6707.6518554688
2022-02-03,6683.8510742188
2022-02-04,6731.3911132812
2022-02-07,6804.9370117188
2022-02-08,6789.5219726562
2022-02-09,6834.6059570312
2022-02-10,6823.6420898438
2022-02-11,6815.6069335938
2022-02-14,6734.4858398438
2022-02-15,6807.4970703125
2022-02-16,6850.1982421875
2022-02-17,6835.1171875
2022-02-18,6892.8178710938
2022-02-21,6902.96484375
2022-02-22,6861.994140625
2022-02-23,6920.0561523438
2022-02-24,6817.8198242188
2022-02-25,6888.1708984375
2022-03-01,6921.4409179688
2022-03-02,6868.4018554688
2022-03-04,6928.328125
2022-03-07,6869.0659179688
2022-03-08,6814.1831054688
2022-03-09,6864.4409179688
2022-03-10,6924.0078125
2022-03-11,6922.6020507812
2022-03-14,6952.2041015625
2022-03-15,6918.1850585938
2022-03-16,6992.3950195312
2022-03-17,6964.384765625
2022-03-18,6954.96484375
2022-03-21,6955.1811523438
2022-03-22,7000.8217773438
2022-03-23,6996.115234375
2022-03-24,7049.6850585938
2022-03-25,7002.5322265625
2022-03-28,7049.6030273438
2022-03-29,7011.6889648438
2022-03-30,7053.1899414062
2022-03-31,7071.4418945312
2022-04-01,7078.759765625
2022-04-04,7116.2177734375
2022-04-05,7148.298828125
2022-04-06,7104.2158203125
2022-04-07,7127.3671875
2022-04-08,7210.8349609375
2022-04-11,7203.7939453125
2022-04-12,7214.7807617188
2022-04-13,7262.7768554688
2022-04-14,7235.5322265625
2022-04-18,7275.2890625
2022-04-19,7199.2319335938
2022-04-20,7227.3618164062
2022-04-21,7276.1928710938
2022-04-22,7225.6059570312
2022-04-25,7215.9790039062
2022-04-26,7232.1528320312
2022-04-27,7196.7641601562
2022-04-28,7228.9140625
2022-05-09,6909.7509765625
2022-05-10,6819.7939453125
2022-05-11,6816.203125
2022-05-12,6599.83984375
2022-05-13,6597.9931640625
2022-05-17,6644.466796875
2022-05-18,6793.4140625
2022-05-19,6823.3349609375
2022-05-20,6918.1440429688
2022-05-23,6840.7749023438
2022-05-24,6914.1411132812
2022-05-25,6883.50390625
2022-05-27,7026.255859375
2022-05-30,7037.5649414062
2022-05-31,7148.9702148438
2022-06-02,7148.7231445312
2022-06-03,7182.9609375
2022-06-06,7096.58203125
2022-06-07,7141.044921875
2022-06-08,7193.3139648438
2022-06-09,7182.830078125
2022-06-10,7086.6479492188
2022-06-13,6995.4418945312
2022-06-14,7049.8818359375
2022-06-15,7007.0498046875
2022-06-16,7050.326171875
2022-06-17,6936.966796875
2022-06-20,6976.376953125
2022-06-21,7044.0708007812
2022-06-22,6984.3110351562
2022-06-23,6998.2670898438
2022-06-24,7042.9370117188
2022-06-27,7016.0551757812
2022-06-28,6996.4560546875
2022-06-29,6942.3510742188
2022-06-30,6911.58203125
2022-07-01,6794.328125
2022-07-04,6639.171875
2022-07-05,6703.2661132812
2022-07-06,6646.41015625
2022-07-07,6652.5869140625
2022-07-08,6740.2192382812
2022-07-11,6722.1450195312
2022-07-12,6718.2939453125
2022-07-13,6640.990234375
2022-07-14,6690.0869140625
2022-07-15,6651.9047851562
2022-07-18,6659.2529296875
2022-07-19,6736.091796875
2022-07-20,6874.7431640625
2022-07-21,6864.130859375
2022-07-22,6886.9619140625
2022-07-25,6858.4072265625
2022-07-26,6871.537109375
2022-07-27,6898.2158203125
2022-07-28,6956.8168945312
2022-07-29,6951.123046875
2022-08-01,6968.783203125
2022-08-02,6988.1572265625
2022-08-03,7046.634765625
2022-08-04,7057.3481445312
2022-08-05,7084.6547851562
2022-08-08,7086.8491210938
2022-08-09,7102.8798828125
2022-08-10,7086.2358398438
2022-08-11,7160.384765625
2022-08-12,7129.2768554688
2022-08-15,7093.2758789062
2022-08-16,7133.453125
2022-08-18,7186.5581054688
2022-08-19,7172.4340820312
2022-08-22,7107.9829101562
2022-08-23,7163.2651367188
2022-08-24,7194.7060546875
2022-08-25,7174.2080078125
2022-08-26,7135.248046875
2022-08-29,7132.044921875
2022-08-30,7159.4731445312
2022-08-31,7178.58984375
2022-09-01,7153.1040039062
2022-09-02,7177.1791992188
2022-09-05,7231.8828125
2022-09-06,7233.1547851562
2022-09-07,7186.7568359375
2022-09-08,7232.0170898438
2022-09-09,7242.6557617188
2022-09-12,7254.4638671875
2022-09-13,7318.0161132812
2022-09-14,7278.078125
2022-09-15,7305.6010742188
2022-09-16,7168.8701171875
2022-09-19,7195.4877929688
2022-09-20,7196.951171875
2022-09-21,7188.3139648438
2022-09-22,7218.9057617188
2022-09-23,7178.5830078125
2022-09-26,7127.5029296875
2022-09-27,7112.44921875
2022-09-28,7077.0307617188
2022-09-29,7036.1982421875
2022-09-30,7040.7978515625
2022-10-03,7009.7177734375
2022-10-04,7072.255859375
2022-10-05,7075.384765625
2022-10-06,7076.623046875
2022-10-07,7026.783203125
2022-10-10,6994.3950195312
2022-10-11,6939.1450195312
2022-10-12,6909.208984375
2022-10-13,6880.625
2022-10-14,6814.5297851562
2022-10-17,6831.115234375
2022-10-18,6834.494140625
2022-10-19,6860.416015625
2022-10-20,6980.6518554688
2022-10-21,7017.7709960938
2022-10-24,7053.0439453125
2022-10-25,7048.3798828125
2022-10-26,7043.9389648438
2022-10-27,7091.7612304688
2022-10-28,7056.0400390625
2022-10-31,7098.8901367188
2022-11-01,7052.3032226562
2022-11-02,7015.6899414062
2022-11-03,7034.5732421875
2022-11-04,7045.5268554688
2022-11-07,7102.3959960938
2022-11-08,7050.1259765625
2022-11-09,7070.083984375
2022-11-10,6966.8369140625
2022-11-11,7089.2060546875
2022-11-14,7019.3920898438
2022-11-15,7035.5
2022-11-16,7014.3837890625
2022-11-17,7044.9858398438
2022-11-18,7082.1811523438
2022-11-21,7063.2470703125
2022-11-22,7030.587890625
2022-11-23,7054.123046875
2022-11-24,7080.5151367188
2022-11-25,7053.1499023438
2022-11-28,7017.3579101562
2022-11-29,7012.0688476562
2022-11-30,7081.3129882812
2022-12-01,7020.8032226562
2022-12-02,7019.6391601562
2022-12-05,6987.328125
2022-12-06,6892.5698242188
2022-12-07,6818.751953125
2022-12-08,6804.2270507812
2022-12-09,6715.1181640625
2022-12-12,6734.4521484375
2022-12-13,6810.3159179688
2022-12-14,6801.7490234375
2022-12-15,6751.8598632812
2022-12-16,6812.1928710938
2022-12-19,6779.6982421875
2022-12-20,6768.3159179688
2022-12-21,6820.6630859375
2022-12-22,6824.4321289062
2022-12-23,6800.6728515625
2022-12-26,6835.8081054688
2022-12-27,6923.0268554688
2022-12-28,6850.5200195312
2022-12-29,6860.0771484375
2022-12-30,6850.619140625
2023-01-02,6850.9838867188
2023-01-03,6888.7578125
2023-01-04,6813.2387695312
2023-01-05,6653.8408203125
2023-01-06,6684.5581054688
2023-01-09,6688.2651367188
2023-01-10,6622.4990234375
2023-01-11,6584.453125
2023-01-12,6629.9340820312
2023-01-13,6641.830078125
2023-01-16,6688.0571289062
2023-01-17,6767.33984375
2023-01-18,6765.7861328125
2023-01-19,6819.9072265625
2023-01-20,6874.9311523438
2023-01-24,6860.8540039062
2023-01-25,6829.9301757812
2023-01-26,6864.8178710938
2023-01-27,6898.9809570312
2023-01-30,6872.4809570312
2023-01-31,6839.341796875
2023-02-01,6862.2578125
2023-02-02,6890.5717773438
2023-02-03,6911.7319335938
2023-02-06,6873.791015625
2023-02-07,6935.30078125
2023-02-08,6940.1240234375
2023-02-09,6897.365234375
2023-02-10,6880.3291015625
2023-02-13,6900.1401367188
2023-02-14,6941.8549804688
2023-02-15,6914.5380859375
2023-02-16,6895.6640625
2023-02-17,6895.7138671875
2023-02-20,6894.716796875
2023-02-21,6873.4047851562
2023-02-22,6809.9677734375
2023-02-23,6839.4541015625
2023-02-24,6856.576171875
2023-02-27,6854.7768554688
2023-02-28,6843.2387695312
2023-03-01,6844.9360351562
2023-03-02,6857.4150390625
2023-03-03,6813.6362304688
2023-03-06,6807.0009765625
2023-03-07,6766.7578125
2023-03-08,6776.3701171875
2023-03-09,6799.794921875
2023-03-10,6765.3017578125
2023-03-13,6786.955078125
2023-03-14,6641.8139648438
2023-03-15,6628.1372070312
2023-03-16,6565.7280273438
2023-03-17,6678.2368164062
2023-03-20,6612.490234375
2023-03-21,6691.6108398438
2023-03-24,6762.25390625
2023-03-27,6708.9331054688
2023-03-28,6760.328125
2023-03-29,6839.4360351562
2023-03-30,6808.951171875
2023-03-31,6805.2768554688
2023-04-03,6827.1748046875
2023-04-04,6833.1782226562
2023-04-05,6819.6748046875
2023-04-06,6792.7651367188
2023-04-10,6771.2348632812
2023-04-11,6811.3139648438
2023-04-12,6798.9638671875
2023-04-13,6785.5981445312
2023-04-14,6818.57421875
2023-04-17,6787.58203125
2023-04-18,6821.8071289062
2023-04-26,6910.1469726562
2023-04-27,6945.4770507812
2023-04-28,6915.7158203125
2023-05-02,6863.3017578125
2023-05-03,6812.7221679688
2023-05-04,6844.0268554688
2023-05-05,6787.630859375
2023-05-08,6769.630859375
2023-05-09,6779.9799804688
2023-05-10,6811.9047851562
2023-05-11,6755.9379882812
2023-05-12,6707.7631835938
2023-05-15,6711.740234375
2023-05-16,6676.5639648438
2023-05-17,6663.1137695312
2023-05-19,6700.5610351562
2023-05-22,6729.6469726562
2023-05-23,6736.6840820312
2023-05-24,6745.8041992188
2023-05-25,6704.2309570312
2023-05-26,6687.0009765625
2023-05-29,6681.1020507812
2023-05-30,6636.4228515625
2023-05-31,6633.2612304688
2023-06-05,6633.4370117188
2023-06-06,6618.9228515625
2023-06-07,6619.7548828125
2023-06-08,6666.330078125
2023-06-09,6694.0239257812
2023-06-12,6722.373046875
2023-06-13,6719.0141601562
2023-06-14,6699.716796875
2023-06-15,6713.794921875
2023-06-16,6698.546875
2023-06-19,6686.0590820312
2023-06-20,6660.455078125
2023-06-21,6702.625
2023-06-22,6652.2612304688
2023-06-23,6639.7329101562
2023-06-26,6664.66796875
2023-06-27,6661.87890625
2023-07-03,6696.7158203125
2023-07-04,6681.75390625
2023-07-05,6718.9770507812
2023-07-06,6757.3310546875
2023-07-07,6716.458984375
2023-07-10,6731.0380859375
2023-07-11,6796.923828125
2023-07-12,6808.208984375
2023-07-13,6810.212890625
2023-07-14,6869.5717773438
2023-07-17,6867.1440429688
2023-07-18,6830.203125
2023-07-20,6864.1889648438
2023-07-21,6880.8017578125
2023-07-24,6899.3959960938
2023-07-25,6917.7109375
2023-07-26,6948.2788085938
2023-07-27,6896.6630859375
2023-07-28,6900.2299804688
2023-07-31,6931.3588867188
2023-08-01,6886.49609375
2023-08-02,6854.509765625
2023-08-03,6898.0771484375
2023-08-04,6852.841796875
2023-08-07,6886.3662109375
2023-08-08,6868.8129882812
2023-08-09,6875.1118164062
2023-08-10,6893.2758789062
2023-08-11,6879.9790039062
2023-08-14,6910.171875
2023-08-15,6915.1010742188
2023-08-16,6900.5380859375
2023-08-18,6859.912109375
2023-08-21,6866.033203125
2023-08-22,6916.4501953125
2023-08-23,6921.41015625
2023-08-24,6899.3920898438
2023-08-25,6895.4428710938
2023-08-28,6921.7270507812
2023-08-29,6957.8349609375
2023-08-30,6966.6557617188
2023-08-31,6953.259765625
2023-09-01,6977.6538085938
2023-09-04,6996.75
2023-09-05,6991.7080078125
2023-09-06,6995.953125
2023-09-07,6954.8081054688
2023-09-08,6924.7797851562
2023-09-11,6963.3930664062
2023-09-12,6933.9692382812
2023-09-13,6935.4760742188
2023-09-14,6959.3330078125
2023-09-15,6982.791015625
2023-09-18,6936.0830078125
2023-09-19,6980.3208007812
2023-09-20,7011.6811523438
2023-09-21,6991.4658203125
2023-09-22,7016.8442382812
2023-09-25,6998.380859375
2023-09-26,6923.7998046875
2023-09-27,6937.828125
2023-09-29,6939.8920898438
2023-10-02,6961.458984375
2023-10-03,6940.8872070312
2023-10-04,6886.576171875
2023-10-05,6874.826171875
2023-10-06,6888.5180664062
2023-10-09,6891.455078125
2023-10-10,6922.1879882812
2023-10-11,6931.7529296875
2023-10-12,6935.1508789062
2023-10-13,6926.7797851562
2023-10-16,6896.2919921875
2023-10-17,6939.615234375
2023-10-18,6927.9057617188
2023-10-19,6846.4267578125
2023-10-20,6849.16796875
2023-10-23,6741.9638671875
2023-10-24,6806.7622070312
2023-10-25,6834.3881835938
2023-10-26,6714.5190429688
2023-10-27,6758.79296875
2023-10-30,6735.8920898438
2023-10-31,6752.2109375
2023-11-01,6642.41796875
2023-11-02,6751.3862304688
2023-11-03,6788.8500976562
2023-11-06,6878.8359375
2023-11-07,6843.7900390625
2023-11-08,6804.1059570312
2023-11-09,6838.2329101562
2023-11-10,6809.2631835938
2023-11-13,6838.3120117188
2023-11-14,6862.0551757812
2023-11-15,6958.205078125
2023-11-16,6958.0078125
2023-11-17,6977.66796875
2023-11-20,6994.8881835938
2023-11-21,6961.7900390625
2023-11-22,6906.953125
2023-11-23,7004.3442382812
2023-11-24,7009.630859375
2023-11-27,7013.4057617188
2023-11-28,7041.0732421875
2023-11-29,7036.0869140625
2023-11-30,7080.7412109375
2023-12-01,7059.9057617188
2023-12-04,7093.6000976562
2023-12-05,7100.8549804688
2023-12-06,7087.3950195312
2023-12-07,7134.623046875
2023-12-08,7159.5981445312
2023-12-11,7088.78515625
2023-12-12,7125.3071289062
2023-12-13,7075.3408203125
2023-12-14,7176.0161132812
2023-12-15,7190.9877929688
2023-12-18,7119.5249023438
2023-12-19,7187.8461914062
2023-12-20,7219.6669921875
2023-12-21,7209.619140625
2023-12-22,7237.5190429688
2023-12-27,7245.916015625
2023-12-28,7303.8881835938
2023-12-29,7272.796875
2024-01-02,7323.587890625
2024-01-03,7279.0908203125
2024-01-04,7359.7631835938
2024-01-05,7350.619140625
2024-01-08,7283.5751953125
2024-01-09,7200.203125
2024-01-10,7227.296875
2024-01-11,7219.9638671875
2024-01-12,7241.1381835938
2024-01-15,7224.0009765625
2024-01-16,7242.787109375
2024-01-17,7200.634765625
2024-01-18,7252.966796875
2024-01-19,7227.4018554688
2024-01-22,7247.9282226562
2024-01-23,7256.2290039062
2024-01-24,7227.8232421875
2024-01-25,7178.0419921875
2024-01-26,7137.087890625
2024-01-29,7157.1748046875
2024-01-30,7192.2158203125
2024-01-31,7207.9409179688
2024-02-01,7201.6958007812
2024-02-02,7238.78515625
2024-02-05,7198.615234375
2024-02-06,7247.408203125
2024-02-07,7235.1518554688
2024-02-12,7297.6689453125
2024-02-13,7209.7412109375
2024-02-15,7303.2807617188
2024-02-16,7335.544921875
2024-02-19,7296.7021484375
2024-02-20,7352.6010742188
2024-02-21,7349.0209960938
2024-02-22,7339.6362304688
2024-02-23,7295.0952148438
2024-02-26,7283.8232421875
2024-02-27,7285.3168945312
2024-02-28,7328.6362304688
2024-02-29,7316.1108398438
2024-03-01,7311.9072265625
2024-03-04,7276.7490234375
2024-03-05,7247.4599609375
2024-03-06,7329.80078125
2024-03-07,7373.9638671875
2024-03-08,7381.9072265625
2024-03-13,7421.20703125
2024-03-14,7433.3149414062
2024-03-15,7328.0541992188
2024-03-18,7302.44921875
2024-03-19,7336.74609375
2024-03-20,7331.1279296875
2024-03-21,7338.3530273438
2024-03-22,7350.1518554688
2024-03-25,7377.759765625
2024-03-26,7365.6640625
2024-03-27,7310.091796875
2024-03-28,7288.8129882812
2024-04-01,7205.0610351562
2024-04-02,7236.9838867188
2024-04-03,7166.8442382812
2024-04-04,7254.3989257812
2024-04-05,7286.8818359375
2024-04-16,7164.8071289062
2024-04-17,7130.8408203125
2024-04-18,7166.8139648438
2024-04-19,7087.3168945312
2024-04-22,7073.8198242188
2024-04-23,7110.8129882812
2024-04-24,7174.533203125
2024-04-25,7155.2939453125
2024-04-26,7036.0751953125
2024-04-29,7155.7841796875
2024-04-30,7234.1967773438
2024-05-02,7117.4248046875
2024-05-03,7134.7241210938
2024-05-06,7135.8901367188
2024-05-07,7123.6118164062
2024-05-08,7088.794921875
2024-05-13,7099.2612304688
2024-05-14,7083.7631835938
2024-05-15,7179.8310546875
2024-05-16,7246.6958007812
2024-05-17,7317.2377929688
2024-05-20,7266.6909179688
2024-05-21,7186.037109375
2024-05-22,7222.3818359375
2024-05-27,7176.419921875
2024-05-28,7253.6259765625
2024-05-29,7140.2290039062
2024-05-30,7034.1420898438
2024-05-31,6970.7358398438
2024-06-03,7036.1909179688
2024-06-04,7099.3120117188
2024-06-05,6947.669921875
2024-06-06,6974.8969726562
2024-06-07,6897.9501953125
2024-06-10,6921.5478515625
2024-06-11,6855.6909179688
2024-06-12,6850.0971679688
2024-06-13,6831.5639648438
2024-06-14,6734.83203125
2024-06-19,6726.9189453125
2024-06-20,6819.3208007812
2024-06-21,6879.9780273438
2024-06-24,6889.1650390625
2024-06-25,6882.7041015625
2024-06-26,6905.6420898438
2024-06-27,6967.951171875
2024-06-28,7063.5771484375
2024-07-01,7139.6259765625
2024-07-02,7125.1420898438
2024-07-03,7196.7548828125
2024-07-04,7220.8891601562
2024-07-05,7253.3720703125
2024-07-08,7250.9770507812
2024-07-09,7269.80078125
2024-07-10,7287.0419921875
2024-07-11,7300.4072265625
2024-07-12,7327.580078125
2024-07-15,7278.8627929688
2024-07-16,7224.29296875
2024-07-17,7224.2177734375
2024-07-18,7321.0708007812
2024-07-19,7294.4951171875
2024-07-22,7321.9760742188
2024-07-23,7313.8569335938
2024-07-24,7262.7587890625
2024-07-25,7240.2768554688
2024-07-26,7288.1669921875
2024-07-29,7288.8969726562
2024-07-30,7241.8637695312
2024-07-31,7255.7622070312
2024-08-01,7325.9848632812
2024-08-02,7308.123046875
2024-08-05,7059.6528320312
2024-08-06,7129.21484375
2024-08-07,7212.130859375
2024-08-08,7195.12109375
2024-08-09,7256.99609375
2024-08-12,7297.625
2024-08-13,7356.6381835938
2024-08-14,7436.0390625
2024-08-15,7409.5009765625
2024-08-16,7432.08984375
2024-08-19,7466.8310546875
2024-08-20,7533.9848632812
2024-08-21,7554.5927734375
2024-08-22,7488.67578125
2024-08-23,7544.2978515625
2024-08-26,7606.1948242188
2024-08-27,7597.880859375
2024-08-28,7658.875
2024-08-29,7627.6040039062
2024-08-30,7670.7329101562
2024-09-02,7694.5297851562
2024-09-03,7616.5209960938
2024-09-04,7672.8959960938
2024-09-05,7681.04296875
2024-09-06,7721.8461914062
2024-09-09,7702.7387695312
2024-09-10,7761.3881835938
2024-09-11,7760.955078125
2024-09-12,7798.1538085938
2024-09-13,7812.130859375
2024-09-17,7831.7788085938
2024-09-18,7829.134765625
2024-09-19,7905.3901367188
2024-09-20,7743.00390625
2024-09-23,7775.7309570312
2024-09-24,7778.4912109375
2024-09-25,7740.9018554688
2024-09-26,7744.5161132812
2024-09-27,7696.916015625
2024-09-30,7527.9291992188
2024-10-01,7642.1328125
2024-10-02,7563.2622070312
2024-10-03,7543.828125
2024-10-04,7496.0908203125
2024-10-07,7504.134765625
2024-10-08,7557.1420898438
2024-10-09,7501.28515625
2024-10-10,7480.080078125
2024-10-11,7520.6020507812
2024-10-14,7559.6547851562
2024-10-15,7626.951171875
2024-10-16,7648.9399414062
2024-10-17,7735.0390625
2024-10-18,7760.0600585938
2024-10-21,7772.5961914062
2024-10-22,7788.9829101562
2024-10-23,7787.5649414062
2024-10-24,7716.548828125
2024-10-25,7694.66015625
2024-10-28,7634.630859375
2024-10-29,7606.6000976562
2024-10-30,7569.8500976562
2024-10-31,7574.0190429688
2024-11-01,7505.2568359375
2024-11-04,7479.5029296875
2024-11-05,7491.9311523438
2024-11-06,7383.8681640625
2024-11-07,7243.8598632812
2024-11-08,7287.1909179688
2024-11-11,7266.4599609375
2024-11-12,7321.9858398438
2024-11-13,7308.6708984375
2024-11-14,7214.5610351562
2024-11-15,7161.2578125
2024-11-18,7134.2768554688
2024-11-19,7195.71484375
2024-11-20,7180.3349609375
2024-11-21,7140.912109375
2024-11-22,7195.5649414062
2024-11-25,7314.1079101562
2024-11-26,7245.8881835938
2024-11-28,7200.1572265625
2024-11-29,7114.2661132812
2024-12-02,7046.9858398438
2024-12-03,7196.0170898438
2024-12-04,7326.7641601562
2024-12-05,7313.3129882812
2024-12-06,7382.78515625
2024-12-09,7437.7309570312
2024-12-10,7453.287109375
2024-12-11,7464.751953125
2024-12-12,7394.2377929688
2024-12-13,7324.7890625
2024-12-16,7258.630859375
2024-12-17,7157.7319335938
2024-12-18,7107.875
2024-12-19,6977.2377929688
2024-12-20,6983.865234375
2024-12-23,7096.4448242188
2024-12-24,7065.74609375
2024-12-27,7036.5708007812
2024-12-30,7079.9047851562
2025-01-02,7163.205078125
2025-01-03,7164.4291992188
2025-01-06,7080.4741210938
2025-01-07,7083.2841796875
2025-01-08,7080.3520507812
2025-01-09,7064.587890625
2025-01-10,7088.8662109375
2025-01-13,7016.87890625
2025-01-14,6956.6650390625
2025-01-15,7079.5620117188
2025-01-16,7107.5190429688
2025-01-17,7154.658203125
2025-01-20,7170.7368164062
2025-01-21,7181.8198242188
2025-01-22,7257.1279296875
2025-01-23,7232.6430664062
2025-01-24,7166.0561523438
2025-01-30,7073.4780273438
2025-01-31,7109.1958007812
2025-02-03,7030.0581054688
2025-02-04,7073.458984375
2025-02-05,7024.2280273438
2025-02-06,6875.5361328125
2025-02-07,6742.576171875
2025-02-10,6648.1420898438
2025-02-11,6531.990234375
2025-02-12,6645.7778320312
2025-02-13,6613.5678710938
2025-02-14,6638.458984375
2025-02-17,6830.8818359375
2025-02-18,6873.5541992188
2025-02-19,6794.8681640625
2025-02-20,6788.0419921875
2025-02-21,6803.0009765625
2025-02-24,6749.6010742188
2025-02-25,6587.0869140625
2025-02-26,6606.1782226562
2025-02-27,6485.4482421875
2025-02-28,6270.5971679688
2025-03-03,6519.658203125
2025-03-04,6380.4008789062
2025-03-05,6531.3989257812
2025-03-06,6617.8471679688
2025-03-07,6636.0
2025-03-10,6598.2119140625
2025-03-11,6545.8500976562
2025-03-12,6665.044921875
2025-03-13,6647.4169921875
2025-03-14,6515.630859375
2025-03-17,6471.9467773438
2025-03-18,6223.3881835938
2025-03-19,6311.66015625
2025-03-20,6381.673828125
2025-03-21,6258.1791992188
2025-03-24,6161.2177734375
2025-03-25,6235.619140625
2025-03-26,6472.3559570312
2025-03-27,6510.6201171875
2025-04-08,5996.1420898438
2025-04-09,5967.9877929688
2025-04-10,6254.0239257812
2025-04-11,6262.2260742188
2025-04-14,6368.5170898438
2025-04-15,6441.6831054688
2025-04-16,6400.0541992188
2025-04-17,6438.2690429688
2025-04-21,6445.966796875
2025-04-22,6538.2661132812
2025-04-23,6634.376953125
2025-04-24,6613.4780273438
2025-04-25,6678.9150390625
2025-04-28,6722.9658203125
2025-04-29,6749.0751953125
2025-04-30,6766.794921875
2025-05-02,6815.7299804688
2025-05-05,6831.9521484375
2025-05-06,6898.1967773438
2025-05-07,6926.2250976562
2025-05-08,6827.75
2025-05-09,6832.8032226562
2025-05-14,6979.8798828125
2025-05-15,7040.1611328125
2025-05-16,7106.5258789062
2025-05-19,7141.0908203125
2025-05-20,7094.6020507812
2025-05-21,7142.4609375
2025-05-22,7166.9809570312
2025-05-23,7214.1630859375
2025-05-26,7188.3530273438
2025-05-27,7198.966796875
2025-05-28,7175.8188476562
2025-06-02,7065.0688476562
2025-06-03,7044.8217773438
2025-06-04,7069.037109375
2025-06-05,7113.4248046875
2025-06-10,7230.7451171875
2025-06-11,7222.4560546875
2025-06-12,7204.3701171875
2025-06-13,7166.0649414062
2025-06-16,7117.5908203125
2025-06-17,7155.8520507812
2025-06-18,7107.7890625
2025-06-19,6968.6391601562
2025-06-20,6907.1381835938
2025-06-23,6787.1401367188
2025-06-24,6869.1708984375
2025-06-25,6832.1430664062
2025-06-26,6897.3999023438
2025-06-30,6927.6791992188
2025-07-01,6915.3598632812
2025-07-02,6881.2451171875
2025-07-03,6878.05078125
2025-07-04,6865.1918945312
2025-07-07,6900.9321289062
2025-07-08,6904.3920898438
2025-07-09,6943.921875
2025-07-10,7005.37109375
2025-07-11,7047.4379882812
2025-07-14,7097.1508789062
2025-07-15,7140.4741210938
2025-07-16,7192.0180664062
2025-07-17,7287.0209960938
2025-07-18,7311.9150390625
2025-07-21,7398.1918945312
2025-07-22,7344.7358398438
2025-07-23,7469.2299804688
2025-07-24,7530.9018554688
2025-07-25,7543.5029296875
2025-07-28,7614.7680664062
2025-07-29,7617.9072265625
2025-07-30,7549.8881835938
2025-07-31,7484.3369140625
2025-08-01,7537.7680664062
2025-08-04,7464.6450195312
2025-08-05,7515.1850585938
2025-08-06,7503.75
2025-08-07,7490.1831054688
2025-08-08,7533.384765625
2025-08-11,7605.9248046875
2025-08-12,7791.6967773438
2025-08-13,7892.9111328125
2025-08-14,7931.2509765625
2025-08-15,7898.375
2025-08-19,7862.94921875
2025-08-20,7943.8251953125
2025-08-21,7890.71484375
2025-08-22,7858.8510742188
2025-08-25,7926.9072265625
2025-08-26,7905.7568359375
2025-08-27,7936.17578125
2025-08-28,7952.087890625
2025-08-29,7830.4931640625
2025-09-01,7736.0659179688
2025-09-02,7801.5849609375
2025-09-03,7885.8627929688
2025-09-04,7867.3481445312
2025-09-08,7766.8491210938
2025-09-09,7628.6049804688
2025-09-10,7699.0068359375
2025-09-11,7747.9047851562
2025-09-12,7854.0600585938
2025-09-15,7937.1181640625
2025-09-16,7957.6958007812
2025-09-17,8025.1791992188
2025-09-18,8008.4331054688
2025-09-19,8051.1181640625
2025-09-22,8040.0390625
2025-09-23,8125.201171875
2025-09-24,8126.5581054688
2025-09-25,8040.6650390625
2025-09-26,8099.3330078125
2025-09-29,8123.2451171875
2025-09-30,8061.0620117188
2025-10-01,8043.8217773438
2025-10-02,8071.0810546875
2025-10-03,8118.30078125
2025-10-06,8139.8940429688
2025-10-07,8169.2807617188
2025-10-08,8166.0288085938
2025-10-09,8250.9384765625
2025-10-10,8257.859375
2025-10-13,8227.2021484375
2025-10-14,8066.5219726562
2025-10-15,8051.1748046875
2025-10-16,8124.7568359375
2025-10-17,7915.6557617188
2025-10-20,8088.9780273438
2025-10-21,8238.083984375
2025-10-22,8152.5532226562
2025-10-23,8274.3515625
2025-10-24,8271.7216796875
2025-10-27,8117.1508789062
2025-10-28,8092.62890625
2025-10-29,8166.2241210938
2025-10-30,8184.0639648438
2025-10-31,8163.875
2025-11-03,8275.083984375
2025-11-04,8241.9111328125
2025-11-05,8318.5263671875
2025-11-06,8337.0576171875
2025-11-07,8394.58984375
2025-11-10,8391.240234375
2025-11-11,8366.5146484375
2025-11-12,8388.56640625
2025-11-13,8371.9990234375
2025-11-14,8370.435546875
2025-11-17,8416.8818359375
2025-11-18,8361.92578125
2025-11-19,8406.5771484375
2025-11-20,8419.9169921875
2025-11-21,8414.3515625
2025-11-24,8570.25390625
2025-11-25,8521.884765625
2025-11-26,8602.1298828125
2025-11-27,8545.865234375
2025-11-28,8508.7060546875
2025-12-01,8548.7880859375
2025-12-02,8617.04296875
2025-12-03,8611.787109375
2025-12-04,8640.1962890625
2025-12-05,8632.7607421875
2025-12-08,8710.6953125
2025-12-09,8657.1787109375
2025-12-10,8700.923828125
2025-12-11,8620.4814453125
2025-12-12,8660.4990234375
2025-12-15,8649.662109375
2025-12-16,8686.46875
2025-12-17,8677.3447265625
2025-12-18,8618.1953125
2025-12-19,8609.55078125
2025-12-22,8645.84375
2025-12-23,8584.7822265625
2025-12-24,8537.9111328125
2025-12-29,8644.255859375
2025-12-30,8646.9384765625
2026-01-02,8748.1318359375
2026-01-05,8859.19140625
2026-01-06,8933.609375
2026-01-07,8944.8134765625
2026-01-08,8925.470703125
2026-01-09,8936.75390625
2026-01-12,8884.72265625
2026-01-13,8948.302734375
2026-01-14,9032.583984375
2026-01-15,9075.40625
2026-01-19,9133.873046875
2026-01-20,9134.7001953125
2026-01-21,9010.330078125
2026-01-22,8992.1826171875
2026-01-23,8951.009765625
2026-01-26,8975.333984375
2026-01-27,8980.23046875
2026-01-28,8320.5556640625
2026-01-29,8232.203125
2026-01-30,8329.6064453125
2026-02-02,7922.7309570312
2026-02-03,8122.5971679688
2026-02-04,8146.716796875
2026-02-05,8103.87890625
2026-02-06,7935.259765625
2026-02-09,8031.8740234375
2026-02-10,8131.7377929688
2026-02-11,8290.9658203125
2026-02-12,8265.3515625
2026-02-13,8212.271484375
2026-02-18,8310.2265625
2026-02-19,8274.0810546875
2026-02-20,8271.7666015625
2026-02-23,8396.08203125
2026-02-24,8280.8330078125
2026-02-25,8322.228515625
2026-02-26,8235.26171875
2026-02-27,8235.4853515625
2026-03-02,8016.8330078125
2026-03-03,7939.7670898438
2026-03-04,7577.0639648438
2026-03-05,7710.537109375
2026-03-06,7585.6870117188
2026-03-09,7337.369140625
